{
  "module": "Module 2 - Tilt Detection",
  "algorithms": {
    "Decision Tree": {
      "accuracy": 1.0,
      "precision": 1.0,
      "recall": 1.0,
      "f1_score": 1.0,
      "confusion_matrix": [
        [
          28,
          0
        ],
        [
          0,
          17
        ]
      ]
    },
    "Naive Bayes": {
      "accuracy": 1.0,
      "precision": 1.0,
      "recall": 1.0,
      "f1_score": 1.0,
      "confusion_matrix": [
        [
          28,
          0
        ],
        [
          0,
          17
        ]
      ]
    },
    "K-Nearest Neighbors": {
      "accuracy": 0.9333333333333333,
      "precision": 0.9375,
      "recall": 0.8823529411764706,
      "f1_score": 0.9090909090909091,
      "confusion_matrix": [
        [
          27,
          1
        ],
        [
          2,
          15
        ]
      ]
    },
    "Rule-Based (Current)": {
      "accuracy": 0.8444444444444444,
      "precision": 0.9166666666666666,
      "recall": 0.6470588235294118,
      "f1_score": 0.7586206896551724,
      "confusion_matrix": [
        [
          27,
          1
        ],
        [
          6,
          11
        ]
      ]
    }
  },
  "best_algorithm": "Decision Tree",
  "best_f1_score": 1.0
}